timestamp_ms,elapsed_ms,pix_dist,m_dist
0ms,0,137.973,0.192387
66ms,66,137.973,0.192387
133ms,133,137.973,0.192387
200ms,200,137.973,0.192387
266ms,266,137.973,0.192387
733ms,733,139.342,0.192135
866ms,866,137.679,0.190170
933ms,933,137.042,0.189839
1000ms,1000,136.720,0.188597
1600ms,1600,137.920,0.188177
1666ms,1666,138.040,0.189811
1733ms,1733,138.802,0.190512
1800ms,1800,139.531,0.191752
2266ms,2266,139.284,0.191537
2333ms,2333,137.317,0.188195
2400ms,2400,136.994,0.188564
2466ms,2466,136.610,0.188592
2666ms,2666,137.094,0.185072
3066ms,3066,138.366,0.189618
3133ms,3133,137.949,0.189268
3200ms,3200,138.695,0.190352
3266ms,3266,139.329,0.191554
3333ms,3333,139.453,0.192503
3400ms,3400,139.453,0.192499
3466ms,3466,139.454,0.192499
3533ms,3533,139.453,0.192503
3600ms,3600,139.452,0.192509
3666ms,3666,139.329,0.191717
3733ms,3733,138.712,0.191238
3800ms,3800,137.552,0.188579
3866ms,3866,137.000,0.186575
3933ms,3933,136.636,0.187512
4000ms,4000,136.549,0.184860
4200ms,4200,136.580,0.192097
4533ms,4533,137.559,0.187513
4600ms,4600,138.033,0.188602
4800ms,4800,140.218,0.196723
5200ms,5200,139.070,0.190615
5400ms,5400,136.629,0.186049
5466ms,5466,136.654,0.186529
5666ms,5666,137.238,0.194967
6000ms,6000,138.070,0.186716
6066ms,6066,138.013,0.188061
6200ms,6200,139.037,0.190116
6266ms,6266,139.542,0.191839
6333ms,6333,139.562,0.191655
6400ms,6400,139.562,0.191655
6466ms,6466,139.562,0.191660
6533ms,6533,139.562,0.191659
6600ms,6600,139.434,0.191887
6666ms,6666,139.281,0.191514
6733ms,6733,138.413,0.190380
6866ms,6866,136.912,0.187723
7200ms,7200,136.611,0.188670
7399ms,7399,137.124,0.192758
7533ms,7533,138.262,0.189177
7600ms,7600,138.185,0.188259
7666ms,7666,139.238,0.190739
7733ms,7733,139.572,0.191845
7800ms,7800,139.681,0.192490
7866ms,7866,139.636,0.192498
7933ms,7933,139.636,0.192499
8000ms,8000,139.636,0.192500
8066ms,8066,139.635,0.192499
8133ms,8133,139.552,0.192098
8200ms,8200,137.878,0.189382
8266ms,8266,138.194,0.195155
8333ms,8333,137.389,0.197954
8400ms,8400,136.482,0.185408
8466ms,8466,136.609,0.185826
9000ms,9000,138.362,0.186663
9066ms,9066,138.239,0.188568
9133ms,9133,138.769,0.191077
9200ms,9200,139.475,0.190938
9266ms,9266,139.569,0.193046
9333ms,9333,139.582,0.192771
9400ms,9400,139.586,0.192811
9466ms,9466,139.594,0.192846
9533ms,9533,139.577,0.192816
9600ms,9600,139.446,0.192228
9666ms,9666,138.985,0.190051
9733ms,9733,138.609,0.195851
9800ms,9800,137.156,0.188093
9866ms,9866,136.464,0.185139
9933ms,9933,136.652,0.185332
10200ms,10200,136.772,0.191951
10400ms,10400,136.608,0.186811
10533ms,10533,137.979,0.188539
10600ms,10600,138.144,0.188385
10733ms,10733,139.440,0.191325
10800ms,10800,139.370,0.191820
10866ms,10866,139.370,0.191820
10933ms,10933,139.370,0.191820
11000ms,11000,139.456,0.191921
11066ms,11066,139.432,0.191807
11133ms,11133,139.238,0.190688
11200ms,11200,138.170,0.189330
11266ms,11266,136.888,0.187572
11333ms,11333,136.980,0.187547
11400ms,11400,136.635,0.186478
11466ms,11466,136.700,0.184878
11666ms,11666,136.419,0.188135
12000ms,12000,138.280,0.191136
12066ms,12066,137.998,0.188396
12133ms,12133,138.561,0.191021
12266ms,12266,139.661,0.192363
12333ms,12333,139.556,0.192328
12400ms,12400,139.514,0.192243
12466ms,12466,139.514,0.192243
12533ms,12533,139.388,0.191943
12600ms,12600,139.377,0.192065
12666ms,12666,138.308,0.190037
12733ms,12733,137.974,0.192125
12866ms,12866,136.472,0.189258
12933ms,12933,136.640,0.185130
13133ms,13133,136.332,0.190326
13400ms,13400,136.619,0.189386
13466ms,13466,138.195,0.190357
13533ms,13533,137.926,0.188155
13733ms,13733,139.545,0.191297
13799ms,13799,139.479,0.192613
13866ms,13866,139.440,0.192590
13933ms,13933,139.440,0.192588
14000ms,14000,139.441,0.192579
14066ms,14066,139.600,0.191497
14133ms,14133,139.045,0.190884
14333ms,14333,136.461,0.189353
14400ms,14400,136.495,0.185254
14866ms,14866,136.729,0.187130
14933ms,14933,137.447,0.186706
15066ms,15066,138.403,0.189965
15133ms,15133,138.860,0.190438
15266ms,15266,139.493,0.191706
15333ms,15333,139.493,0.191705
15400ms,15400,139.493,0.191705
15466ms,15466,139.491,0.191711
15533ms,15533,139.431,0.191496
15600ms,15600,139.355,0.191571
15666ms,15666,138.221,0.188609
15799ms,15799,137.280,0.194814
15866ms,15866,136.822,0.187319
15933ms,15933,136.750,0.184373
16400ms,16400,137.334,0.187132
16466ms,16466,137.776,0.187666
16533ms,16533,138.867,0.193879
16600ms,16600,139.153,0.189907
16666ms,16666,139.536,0.191728
16733ms,16733,139.623,0.192079
16800ms,16800,139.624,0.192082
16866ms,16866,139.625,0.192079
16933ms,16933,139.626,0.192076
17000ms,17000,139.617,0.192006
17066ms,17066,139.548,0.191504
17133ms,17133,137.990,0.189559
17200ms,17200,137.211,0.188175
17266ms,17266,136.681,0.185842
17333ms,17333,136.792,0.186139
17400ms,17400,136.727,0.184473
17666ms,17666,136.646,0.189233
17933ms,17933,137.588,0.187393
18000ms,18000,138.725,0.191003
18066ms,18066,138.830,0.190264
18133ms,18133,139.507,0.190927
18200ms,18200,139.598,0.192056
18266ms,18266,139.599,0.192040
18333ms,18333,139.598,0.192039
18400ms,18400,139.597,0.192058
18466ms,18466,139.597,0.192069
18533ms,18533,139.445,0.192033
18600ms,18600,138.410,0.190652
18733ms,18733,136.691,0.186073
18800ms,18800,136.650,0.186569
18866ms,18866,137.003,0.191437
19000ms,19000,136.954,0.189702
19066ms,19066,136.786,0.188301
19466ms,19466,137.960,0.188730
19533ms,19533,138.561,0.191667
20066ms,20066,138.894,0.189854
20200ms,20200,136.810,0.186740
20266ms,20266,136.653,0.187733
20933ms,20933,137.940,0.188317
21000ms,21000,138.642,0.190564
21066ms,21066,139.218,0.190520
21466ms,21466,139.468,0.191375
21533ms,21533,138.892,0.189681
21733ms,21733,136.528,0.185277
22400ms,22400,137.852,0.188228
22466ms,22466,138.480,0.189343
22533ms,22533,138.926,0.190824
22600ms,22600,139.482,0.191302
22666ms,22666,139.616,0.191376
22733ms,22733,139.616,0.191376
22800ms,22800,139.616,0.191377
22866ms,22866,139.606,0.191394
22933ms,22933,139.610,0.191432
23000ms,23000,139.023,0.191005
23066ms,23066,138.837,0.193543
23266ms,23266,136.582,0.185325
23800ms,23800,137.546,0.193452
23866ms,23866,137.910,0.188506
23933ms,23933,138.214,0.188811
24000ms,24000,138.778,0.190322
24066ms,24066,139.482,0.191346
24133ms,24133,139.531,0.191330
24200ms,24200,139.534,0.191331
24266ms,24266,139.536,0.191340
24333ms,24333,139.537,0.191339
24400ms,24400,139.570,0.191462
24466ms,24466,139.147,0.190171
24533ms,24533,138.203,0.188803
24600ms,24600,138.512,0.197005
24666ms,24666,136.795,0.185921
25266ms,25266,137.208,0.187410
25400ms,25400,137.822,0.188044
25533ms,25533,139.554,0.190943
25600ms,25600,139.659,0.191510
25666ms,25666,139.659,0.191510
25733ms,25733,139.659,0.191510
25800ms,25800,139.624,0.191490
25866ms,25866,139.624,0.191490
25933ms,25933,139.458,0.191282
26000ms,26000,138.513,0.190879
26266ms,26266,136.599,0.184054
26800ms,26800,138.067,0.190183
26866ms,26866,137.951,0.188521
26933ms,26933,138.355,0.188974
27000ms,27000,138.868,0.190332
27066ms,27066,139.471,0.191129
27466ms,27466,138.471,0.189597
27533ms,27533,137.438,0.187762
27666ms,27666,136.615,0.186389
27733ms,27733,136.639,0.186095
28266ms,28266,137.423,0.188011
28333ms,28333,137.753,0.187799
28400ms,28400,138.762,0.189995
28466ms,28466,138.909,0.190344
28533ms,28533,139.483,0.191230
28866ms,28866,139.614,0.191766
28933ms,28933,138.970,0.189450
29000ms,29000,138.273,0.188747
29066ms,29066,136.793,0.187515
29133ms,29133,136.773,0.185960
29933ms,29933,138.813,0.190554
30000ms,30000,139.351,0.191396
30466ms,30466,138.305,0.191001
30533ms,30533,137.438,0.187943
30599ms,30599,137.045,0.187186
30666ms,30666,136.522,0.186550
30733ms,30733,136.546,0.184308
30866ms,30866,136.937,0.194514
30933ms,30933,136.768,0.186421
31266ms,31266,137.570,0.187655
31400ms,31400,138.965,0.191305
31466ms,31466,139.491,0.190873
31533ms,31533,139.651,0.191627
31599ms,31599,139.651,0.191630
31666ms,31666,139.611,0.191670
31733ms,31733,139.601,0.191663
31800ms,31800,139.598,0.191746
31933ms,31933,138.195,0.189845
32000ms,32000,137.396,0.188258
32066ms,32066,136.728,0.188160
32133ms,32133,136.553,0.186797
32666ms,32666,138.058,0.196033
32800ms,32800,138.128,0.188358
32866ms,32866,138.746,0.191677
32933ms,32933,139.328,0.191533
33400ms,33400,138.570,0.189321
33600ms,33600,136.585,0.186600
34200ms,34200,138.011,0.192698
34266ms,34266,137.943,0.187824
34333ms,34333,138.432,0.189173
34400ms,34400,139.071,0.190589
34866ms,34866,138.731,0.189409
34933ms,34933,137.722,0.189012
35000ms,35000,136.935,0.187159
35066ms,35066,136.608,0.186307
35600ms,35600,137.511,0.194511
35733ms,35733,137.917,0.188326
35800ms,35800,138.693,0.189121
35866ms,35866,139.111,0.191225
36066ms,36066,139.486,0.190790
36133ms,36133,139.458,0.190815
36200ms,36200,139.490,0.190794
36333ms,36333,139.027,0.190861
36400ms,36400,137.992,0.188582
36533ms,36533,136.474,0.186451
36600ms,36600,136.595,0.185403
36666ms,36666,136.318,0.186935
37200ms,37200,137.566,0.188529
37266ms,37266,138.428,0.188245
37333ms,37333,138.788,0.190473
37400ms,37400,139.507,0.191360
37800ms,37800,139.192,0.190826
37866ms,37866,138.286,0.188858
38066ms,38066,136.717,0.187920
38333ms,38333,136.822,0.185307
38666ms,38666,137.674,0.188492
38733ms,38733,138.217,0.188426
38800ms,38800,138.701,0.190303
38866ms,38866,139.456,0.190761
38933ms,38933,139.456,0.190761
39000ms,39000,139.457,0.190763
39066ms,39066,139.458,0.190764
39133ms,39133,139.458,0.190771
39200ms,39200,139.460,0.190763
39266ms,39266,139.203,0.191132
39333ms,39333,138.244,0.189185
39400ms,39400,138.656,0.196157
39466ms,39466,136.965,0.186171
40133ms,40133,137.144,0.187424
40200ms,40200,137.764,0.188835
40266ms,40266,138.701,0.191071
40333ms,40333,139.196,0.191145
40733ms,40733,139.440,0.191807
40866ms,40866,138.187,0.188627
41000ms,41000,136.466,0.186396
41733ms,41733,138.216,0.188483
41800ms,41800,138.799,0.190407
42266ms,42266,138.616,0.190135
42466ms,42466,136.862,0.184635
42533ms,42533,136.829,0.186200
43066ms,43066,137.960,0.190410
43133ms,43133,137.622,0.188280
43333ms,43333,139.409,0.190581
43666ms,43666,139.526,0.191040
43733ms,43733,139.347,0.190831
43800ms,43800,138.336,0.189216
43933ms,43933,137.014,0.187825
44000ms,44000,136.607,0.186409
44600ms,44600,137.525,0.188135
44666ms,44666,138.550,0.189392
44733ms,44733,138.966,0.191149
44800ms,44800,139.593,0.190892
44866ms,44866,139.570,0.191540
44933ms,44933,139.571,0.191507
45000ms,45000,139.584,0.191696
45066ms,45066,139.583,0.191720
45133ms,45133,139.568,0.191632
45200ms,45200,139.473,0.191009
45266ms,45266,138.315,0.189246
45333ms,45333,137.480,0.188099
45400ms,45400,136.828,0.185337
45466ms,45466,136.737,0.187190
45533ms,45533,136.489,0.184643
45600ms,45600,136.399,0.185979
46000ms,46000,137.087,0.187180
46066ms,46066,137.421,0.188755
46133ms,46133,137.869,0.189266
46200ms,46200,138.721,0.190487
46266ms,46266,139.369,0.190642
46333ms,46333,139.517,0.191135
46400ms,46400,139.518,0.191138
46466ms,46466,139.509,0.191120
46533ms,46533,139.509,0.191120
46600ms,46600,139.509,0.191119
46666ms,46666,139.497,0.190635
46733ms,46733,138.592,0.189891
46866ms,46866,136.751,0.187839
47000ms,47000,136.477,0.184554
47066ms,47066,136.310,0.184827
47600ms,47600,137.876,0.187691
47666ms,47666,138.568,0.189838
47800ms,47800,139.428,0.191023
47866ms,47866,139.427,0.191023
47933ms,47933,139.428,0.191020
48000ms,48000,139.429,0.191016
48066ms,48066,139.415,0.191240
48133ms,48133,139.359,0.190760
48333ms,48333,136.834,0.186677
48400ms,48400,136.671,0.186931
48466ms,48466,136.435,0.183683
48933ms,48933,137.359,0.189269
49000ms,49000,137.863,0.195727
49066ms,49066,137.770,0.187740
49133ms,49133,138.573,0.188986
49200ms,49200,139.112,0.190534
49266ms,49266,139.418,0.191172
49333ms,49333,139.417,0.191174
49400ms,49400,139.414,0.191187
49466ms,49466,139.376,0.190957
49533ms,49533,139.375,0.190955
49600ms,49600,139.484,0.190877
49666ms,49666,138.861,0.190399
49800ms,49800,137.032,0.187166
49866ms,49866,136.718,0.186277
49933ms,49933,136.492,0.184233
50466ms,50466,137.346,0.187731
50533ms,50533,137.692,0.188550
50600ms,50600,138.318,0.189089
50666ms,50666,138.875,0.190350
50800ms,50800,139.529,0.192809
51133ms,51133,139.160,0.190581
51200ms,51200,138.135,0.188818
51400ms,51400,136.620,0.188945
51466ms,51466,136.458,0.184810
51533ms,51533,136.914,0.193933
52000ms,52000,137.508,0.188437
52066ms,52066,138.394,0.188803
52199ms,52199,139.478,0.191460
52533ms,52533,139.553,0.190980
52600ms,52600,139.494,0.191008
52666ms,52666,138.090,0.189363
52866ms,52866,136.758,0.187006
52933ms,52933,137.015,0.186822
53466ms,53466,137.633,0.187419
53533ms,53533,138.782,0.189871
53600ms,53600,138.559,0.190144
53666ms,53666,139.200,0.190872
53733ms,53733,139.427,0.191369
53800ms,53800,139.433,0.191176
53866ms,53866,139.392,0.191249
53933ms,53933,139.390,0.191246
54066ms,54066,139.225,0.190472
54133ms,54133,138.877,0.189946
54199ms,54199,138.341,0.197728
54266ms,54266,136.587,0.186094
55000ms,55000,137.618,0.189235
55133ms,55133,139.304,0.190229
55199ms,55199,139.675,0.191981
55266ms,55266,139.675,0.191981
55333ms,55333,139.675,0.191981
55400ms,55400,139.669,0.192030
55466ms,55466,139.669,0.192028
55533ms,55533,139.504,0.190229
55666ms,55666,138.233,0.188814
55733ms,55733,137.522,0.192574
55800ms,55800,136.721,0.187096
55866ms,55866,136.379,0.184903
56400ms,56400,137.455,0.188467
56466ms,56466,137.483,0.187736
56600ms,56600,138.706,0.190404
56666ms,56666,139.498,0.191070
56733ms,56733,139.459,0.191309
56800ms,56800,139.456,0.191342
56866ms,56866,139.454,0.191345
56933ms,56933,139.450,0.191341
57000ms,57000,139.458,0.191254
57066ms,57066,138.957,0.189596
57199ms,57199,137.545,0.189715
57266ms,57266,136.863,0.186212
57333ms,57333,136.477,0.186172
57400ms,57400,136.920,0.187019
57866ms,57866,137.394,0.187605
57933ms,57933,137.429,0.187671
58000ms,58000,138.564,0.190117
58066ms,58066,138.679,0.189799
58133ms,58133,139.376,0.190790
58199ms,58199,139.667,0.192265
58266ms,58266,139.667,0.192265
58333ms,58333,139.661,0.192244
58400ms,58400,139.609,0.192651
58466ms,58466,139.609,0.192636
58533ms,58533,139.408,0.190990
58600ms,58600,138.388,0.189095
58666ms,58666,137.476,0.188265
58733ms,58733,136.751,0.186597
58800ms,58800,136.476,0.185732
59400ms,59400,137.489,0.187270
59466ms,59466,138.116,0.189770
59533ms,59533,138.801,0.190323
59600ms,59600,139.020,0.190385
59666ms,59666,139.781,0.191855
59733ms,59733,139.719,0.191526
59800ms,59800,139.720,0.191512
59866ms,59866,139.692,0.191466
59933ms,59933,139.595,0.191400
60000ms,60000,139.685,0.191687
60066ms,60066,138.635,0.190268
60199ms,60199,136.932,0.188192
60266ms,60266,136.550,0.186127
60333ms,60333,136.328,0.185342
60533ms,60533,136.542,0.192124
60933ms,60933,137.732,0.187017
61000ms,61000,138.564,0.188640
61066ms,61066,138.730,0.190263
61133ms,61133,139.352,0.190551
61199ms,61199,139.389,0.190952
61266ms,61266,139.388,0.190905
61333ms,61333,139.402,0.190964
61400ms,61400,139.394,0.191195
61466ms,61466,139.407,0.190985
61533ms,61533,138.898,0.191268
61600ms,61600,138.227,0.188741
61733ms,61733,136.492,0.186891
61800ms,61800,136.603,0.185096
62333ms,62333,137.745,0.198246
62400ms,62400,137.598,0.187041
62466ms,62466,138.171,0.188646
62533ms,62533,138.795,0.190775
62600ms,62600,139.408,0.191049
62666ms,62666,139.619,0.191086
62733ms,62733,139.619,0.191086
62800ms,62800,139.619,0.191086
62866ms,62866,139.620,0.191084
62933ms,62933,139.629,0.191044
63000ms,63000,139.138,0.191436
63066ms,63066,138.214,0.189198
63266ms,63266,136.703,0.187176
63866ms,63866,137.516,0.187413
63933ms,63933,138.129,0.189169
64000ms,64000,138.809,0.191104
64066ms,64066,139.724,0.191315
64133ms,64133,139.774,0.192111
64200ms,64200,139.773,0.192145
64266ms,64266,139.774,0.192140
64333ms,64333,139.773,0.192150
64400ms,64400,139.741,0.192399
64466ms,64466,139.292,0.190393
64533ms,64533,138.433,0.190525
64599ms,64599,137.436,0.189263
64666ms,64666,136.891,0.185816
64733ms,64733,136.607,0.185877
64800ms,64800,136.389,0.184227
65000ms,65000,136.531,0.185350
65333ms,65333,137.567,0.187148
65533ms,65533,139.229,0.190111
65933ms,65933,139.434,0.191586
66000ms,66000,138.525,0.189784
66133ms,66133,136.687,0.185817
66200ms,66200,136.542,0.185937
66266ms,66266,136.381,0.186219
66466ms,66466,136.825,0.182607
66800ms,66800,137.799,0.187821
66866ms,66866,138.154,0.188676
66933ms,66933,138.738,0.191573
67000ms,67000,139.520,0.190499
67066ms,67066,139.883,0.191477
67133ms,67133,139.883,0.191477
67200ms,67200,139.883,0.191477
67266ms,67266,139.883,0.191477
67333ms,67333,139.883,0.191475
67466ms,67466,138.645,0.189848
67533ms,67533,138.285,0.190104
67600ms,67600,136.777,0.186386
67666ms,67666,136.453,0.185733
67733ms,67733,136.418,0.184038
68266ms,68266,137.856,0.188481
68333ms,68333,137.754,0.188318
68400ms,68400,138.615,0.190556
68466ms,68466,139.009,0.190955
68533ms,68533,139.168,0.191151
68600ms,68600,139.535,0.191562
68666ms,68666,139.535,0.191562
68733ms,68733,139.535,0.191562
68800ms,68800,139.535,0.191562
68866ms,68866,139.538,0.191255
68933ms,68933,139.399,0.190976
69000ms,69000,138.189,0.187974
69066ms,69066,137.647,0.190771
69133ms,69133,136.425,0.187054
69200ms,69200,136.539,0.184393
69800ms,69800,137.545,0.188604
70000ms,70000,139.327,0.190387
70066ms,70066,139.618,0.191682
70133ms,70133,139.632,0.191804
70200ms,70200,139.623,0.191825
70266ms,70266,139.624,0.191839
70333ms,70333,139.525,0.191491
70400ms,70400,139.440,0.191439
70466ms,70466,138.494,0.189746
70600ms,70600,137.144,0.192878
70666ms,70666,136.602,0.185927
70866ms,70866,136.901,0.194776
71200ms,71200,137.785,0.193543
71266ms,71266,138.117,0.192043
71333ms,71333,137.807,0.189303
71400ms,71400,138.785,0.190856
71466ms,71466,139.595,0.191011
71533ms,71533,139.642,0.191395
71600ms,71600,139.642,0.191396
71666ms,71666,139.695,0.191809
71733ms,71733,139.671,0.192058
71800ms,71800,139.590,0.191250
71866ms,71866,139.261,0.191088
71933ms,71933,138.796,0.190325
72000ms,72000,138.155,0.190502
72066ms,72066,137.544,0.194803
72133ms,72133,136.622,0.185856
72733ms,72733,137.351,0.189140
72800ms,72800,137.539,0.187905
72866ms,72866,138.485,0.188716
72933ms,72933,138.857,0.190598
73000ms,73000,139.663,0.191859
73066ms,73066,139.663,0.191859
73133ms,73133,139.655,0.191444
73200ms,73200,139.583,0.191395
73266ms,73266,139.615,0.191249
73333ms,73333,139.510,0.190759
73400ms,73400,138.228,0.189632
73466ms,73466,138.222,0.188570
73533ms,73533,137.560,0.198232
73666ms,73666,136.483,0.184456
74200ms,74200,137.425,0.188568
74266ms,74266,137.500,0.188397
74333ms,74333,137.965,0.188465
74400ms,74400,138.535,0.190045
74466ms,74466,139.139,0.190684
74533ms,74533,139.367,0.190779
74600ms,74600,139.367,0.190779
74666ms,74666,139.367,0.190779
74733ms,74733,139.364,0.190757
74800ms,74800,139.411,0.190791
74866ms,74866,139.206,0.189658
75000ms,75000,137.377,0.191828
75066ms,75066,136.846,0.185958
75133ms,75133,137.222,0.195863
75666ms,75666,137.107,0.188858
75733ms,75733,137.494,0.188080
75800ms,75800,137.950,0.188683
75866ms,75866,138.717,0.191357
75933ms,75933,139.229,0.190441
76000ms,76000,139.678,0.192031
76066ms,76066,139.669,0.192163
76133ms,76133,139.668,0.192167
76200ms,76200,139.669,0.192176
76266ms,76266,139.668,0.192179
76333ms,76333,139.585,0.190704
76400ms,76400,138.249,0.189725
76466ms,76466,137.515,0.187656
76533ms,76533,136.759,0.186930
77200ms,77200,137.586,0.188429
77266ms,77266,137.762,0.189086
77400ms,77400,138.437,0.190046
77466ms,77466,139.095,0.190472
77533ms,77533,139.063,0.190147
77600ms,77600,139.064,0.190159
77666ms,77666,139.029,0.189691
77733ms,77733,139.056,0.189929
77800ms,77800,139.190,0.189259
78000ms,78000,136.725,0.185709
78066ms,78066,136.644,0.185423
78733ms,78733,138.366,0.189389
78800ms,78800,138.421,0.189629
78866ms,78866,139.107,0.190379
78933ms,78933,139.362,0.190809
79000ms,79000,139.370,0.190834
79066ms,79066,139.372,0.190834
79133ms,79133,139.373,0.190843
79200ms,79200,139.390,0.191256
79266ms,79266,139.268,0.190236
79333ms,79333,138.614,0.190076
79466ms,79466,137.598,0.191136
79533ms,79533,136.508,0.186809
79600ms,79600,136.244,0.183681
80200ms,80200,137.627,0.188805
80333ms,80333,138.893,0.191003
80400ms,80400,139.563,0.190695
80466ms,80466,139.545,0.190961
80533ms,80533,139.514,0.191180
80600ms,80600,139.517,0.191175
80666ms,80666,139.520,0.191165
80733ms,80733,139.508,0.190274
80800ms,80800,138.913,0.189876
80933ms,80933,137.670,0.196617
81000ms,81000,136.486,0.186375
81066ms,81066,136.278,0.184562
81600ms,81600,138.048,0.194838
81666ms,81666,137.580,0.188810
81800ms,81800,138.792,0.191075
81866ms,81866,139.217,0.190263
81933ms,81933,139.385,0.191473
82000ms,82000,139.385,0.191477
82066ms,82066,139.384,0.191478
82133ms,82133,139.384,0.191477
82200ms,82200,139.443,0.191905
82266ms,82266,138.993,0.190551
82333ms,82333,138.254,0.188568
82466ms,82466,136.556,0.187140
82533ms,82533,136.594,0.185655
83133ms,83133,137.452,0.188385
83200ms,83200,138.242,0.189056
83266ms,83266,138.721,0.190663
83333ms,83333,138.921,0.190548
83400ms,83400,139.421,0.191398
83466ms,83466,139.421,0.191398
83533ms,83533,139.421,0.191400
83600ms,83600,139.401,0.191439
83666ms,83666,139.410,0.191390
83733ms,83733,139.369,0.191770
83800ms,83800,138.172,0.188665
83866ms,83866,137.200,0.187534
83933ms,83933,136.975,0.186243
84000ms,84000,136.619,0.187044
84600ms,84600,137.671,0.188400
84666ms,84666,138.017,0.189098
84733ms,84733,138.826,0.189777
84800ms,84800,138.731,0.190893
84866ms,84866,139.286,0.191266
84933ms,84933,139.341,0.191284
85000ms,85000,139.353,0.191313
85066ms,85066,139.268,0.191263
85133ms,85133,139.386,0.191231
85200ms,85200,139.282,0.190387
85266ms,85266,138.877,0.189780
85333ms,85333,138.103,0.188688
85533ms,85533,136.137,0.184302
86066ms,86066,137.851,0.190995
86133ms,86133,137.429,0.188237
86200ms,86200,138.914,0.192196
86266ms,86266,138.961,0.190366
86333ms,86333,139.324,0.190895
86400ms,86400,139.602,0.191240
86466ms,86466,139.602,0.191240
86533ms,86533,139.602,0.191238
86600ms,86600,139.580,0.191307
86666ms,86666,139.380,0.190888
86733ms,86733,139.086,0.191679
86800ms,86800,138.206,0.188510
86866ms,86866,137.913,0.193228
86933ms,86933,137.354,0.190515
87600ms,87600,137.546,0.187901
87666ms,87666,138.081,0.188720
87733ms,87733,138.744,0.190113
87800ms,87800,139.304,0.191601
87866ms,87866,139.304,0.191601
87933ms,87933,139.271,0.191669
88000ms,88000,139.271,0.191667
88066ms,88066,139.273,0.191667
88133ms,88133,139.252,0.191261
88200ms,88200,138.965,0.190587
88266ms,88266,138.292,0.190587
88333ms,88333,137.455,0.189128
88400ms,88400,136.643,0.187040
88533ms,88533,136.949,0.192247
89066ms,89066,137.631,0.187429
89133ms,89133,137.962,0.188857
89266ms,89266,138.435,0.190011
89333ms,89333,139.144,0.191598
89400ms,89400,139.144,0.191598
89466ms,89466,139.144,0.191598
89533ms,89533,139.145,0.191598
89600ms,89600,139.145,0.191598
89666ms,89666,139.118,0.189729
89733ms,89733,138.314,0.189766
89933ms,89933,136.470,0.185188
90000ms,90000,136.274,0.184428
90466ms,90466,137.783,0.186330
90533ms,90533,137.603,0.187814
90666ms,90666,138.357,0.190172
90733ms,90733,138.720,0.190217
90800ms,90800,139.415,0.191272
90866ms,90866,139.195,0.190945
90933ms,90933,139.193,0.190951
91000ms,91000,139.197,0.190947
91066ms,91066,139.214,0.190981
91133ms,91133,139.280,0.190270
91200ms,91200,138.839,0.190451
91333ms,91333,137.044,0.186416
91400ms,91400,136.390,0.186147
92066ms,92066,137.536,0.188265
92200ms,92200,139.021,0.189748
92266ms,92266,139.385,0.192167
92333ms,92333,139.462,0.191104
92400ms,92400,139.455,0.191232
92466ms,92466,139.456,0.191241
92533ms,92533,139.451,0.191252
92600ms,92600,139.321,0.190559
92666ms,92666,139.231,0.190639
92733ms,92733,138.316,0.189270
92800ms,92800,137.700,0.190053
92866ms,92866,137.283,0.191236
92933ms,92933,136.564,0.185325
93000ms,93000,136.464,0.186008
93533ms,93533,137.435,0.188509
93600ms,93600,138.078,0.189650
93666ms,93666,138.538,0.190302
93733ms,93733,138.968,0.190099
93800ms,93800,139.334,0.190917
93866ms,93866,139.335,0.190919
93933ms,93933,139.334,0.190917
94000ms,94000,139.334,0.190914
94066ms,94066,139.334,0.190910
94133ms,94133,139.060,0.189977
94200ms,94200,138.289,0.189092
94266ms,94266,138.205,0.200658
94333ms,94333,136.703,0.186343
94400ms,94400,136.560,0.185717
94466ms,94466,136.363,0.184574
95000ms,95000,137.357,0.187889
95066ms,95066,137.876,0.190035
95133ms,95133,138.782,0.189888
95200ms,95200,139.117,0.191091
95266ms,95266,139.360,0.191104
95333ms,95333,139.355,0.191165
95400ms,95400,139.353,0.191164
95466ms,95466,139.353,0.191163
95533ms,95533,139.362,0.191165
95600ms,95600,139.291,0.191314
95666ms,95666,138.359,0.189178
95800ms,95800,136.546,0.187421
95866ms,95866,136.573,0.186097
96466ms,96466,137.491,0.188104
96533ms,96533,137.835,0.189108
96600ms,96600,138.440,0.189683
96666ms,96666,138.743,0.190670
96733ms,96733,139.131,0.190540
96800ms,96800,139.134,0.190528
96866ms,96866,139.134,0.190527
96933ms,96933,139.134,0.190526
97000ms,97000,139.221,0.190427
97066ms,97066,139.350,0.190824
97133ms,97133,138.804,0.189894
97200ms,97200,138.014,0.192336
97266ms,97266,137.420,0.189521
97333ms,97333,136.774,0.186804
98066ms,98066,137.912,0.188934
98133ms,98133,138.684,0.190397
98200ms,98200,139.186,0.191127
98266ms,98266,139.302,0.190929
98333ms,98333,139.305,0.190923
98400ms,98400,139.305,0.190940
98466ms,98466,139.305,0.190947
98533ms,98533,139.324,0.190517
98600ms,98600,138.820,0.190715
98666ms,98666,138.011,0.188771
98800ms,98800,136.858,0.186791
98866ms,98866,136.477,0.185048
98933ms,98933,136.214,0.184567
99466ms,99466,138.429,0.194078
99533ms,99533,138.208,0.189831
99600ms,99600,138.699,0.189939
99733ms,99733,139.370,0.191412
99800ms,99800,139.369,0.191411
99866ms,99866,139.369,0.191408
99933ms,99933,139.369,0.191408
100000ms,100000,139.158,0.190641
100066ms,100066,139.490,0.191699
100133ms,100133,138.690,0.190049
100266ms,100266,137.312,0.190159
100333ms,100333,136.559,0.184824
100400ms,100400,136.399,0.183785
101000ms,101000,138.105,0.190522
101133ms,101133,138.844,0.190515
101200ms,101200,139.223,0.190844
101266ms,101266,139.222,0.190847
101333ms,101333,139.222,0.190851
101400ms,101400,139.223,0.190839
101466ms,101466,139.224,0.190764
101533ms,101533,139.319,0.190399
101600ms,101600,138.655,0.190319
101666ms,101666,138.234,0.193029
101733ms,101733,137.431,0.191173
101800ms,101800,136.564,0.185237
101866ms,101866,136.240,0.184639
102466ms,102466,137.539,0.187864
102533ms,102533,138.253,0.189979
102600ms,102600,139.007,0.191493
102666ms,102666,139.324,0.190695
102733ms,102733,139.437,0.191181
102800ms,102800,139.407,0.191346
102866ms,102866,139.408,0.191339
102933ms,102933,139.410,0.191345
103000ms,103000,139.352,0.190999
103066ms,103066,138.811,0.190367
103200ms,103200,137.532,0.194695
103266ms,103266,136.529,0.185653
103333ms,103333,136.348,0.184057
103866ms,103866,137.970,0.192558
103933ms,103933,137.331,0.189045
104066ms,104066,138.864,0.191844
104133ms,104133,139.400,0.191834
104200ms,104200,139.328,0.191157
104266ms,104266,139.332,0.191140
104333ms,104333,139.357,0.190951
104399ms,104399,139.332,0.191095
104466ms,104466,139.303,0.190801
104533ms,104533,139.010,0.190620
104733ms,104733,136.584,0.186692
104800ms,104800,136.457,0.184692
105399ms,105399,137.430,0.188481
105466ms,105466,139.021,0.188892
105533ms,105533,138.998,0.191629
105600ms,105600,139.382,0.190583
105666ms,105666,139.485,0.190781
105733ms,105733,139.467,0.190690
105800ms,105800,139.466,0.190688
105866ms,105866,139.466,0.190688
105933ms,105933,139.398,0.193023
106000ms,106000,139.020,0.190952
106066ms,106066,138.104,0.188345
106133ms,106133,137.867,0.193445
106200ms,106200,137.121,0.194135
106266ms,106266,136.364,0.184073
106800ms,106800,137.797,0.191035
106866ms,106866,137.471,0.188492
106933ms,106933,138.193,0.188918
107000ms,107000,138.829,0.191801
107066ms,107066,139.235,0.190600
107133ms,107133,139.415,0.191229
107200ms,107200,139.418,0.191230
107266ms,107266,139.441,0.191027
107333ms,107333,139.439,0.191047
107399ms,107399,139.455,0.191144
107466ms,107466,139.129,0.190836
107533ms,107533,138.265,0.189028
107666ms,107666,136.747,0.186262
107733ms,107733,136.588,0.185729
107800ms,107800,136.450,0.184832
108266ms,108266,137.145,0.190504
108333ms,108333,137.570,0.188206
108399ms,108399,137.843,0.188836
108466ms,108466,138.811,0.189922
108600ms,108600,139.318,0.191227
108666ms,108666,139.314,0.191208
108733ms,108733,139.313,0.191223
108800ms,108800,139.312,0.191237
108866ms,108866,139.312,0.191238
108933ms,108933,139.425,0.191870
109000ms,109000,138.236,0.189779
109133ms,109133,136.825,0.186210
109200ms,109200,136.454,0.186285
109266ms,109266,136.345,0.186126
109733ms,109733,137.178,0.189571
109800ms,109800,137.444,0.188399
109866ms,109866,137.989,0.189302
109933ms,109933,138.521,0.189851
110000ms,110000,138.999,0.191422
110066ms,110066,139.367,0.191040
110133ms,110133,139.366,0.191040
110200ms,110200,139.359,0.190949
110266ms,110266,139.358,0.190971
110333ms,110333,139.358,0.190958
110399ms,110399,139.338,0.191409
110466ms,110466,138.255,0.189368
110533ms,110533,137.483,0.188128
110600ms,110600,136.840,0.186654
110666ms,110666,136.462,0.185858
110866ms,110866,137.064,0.201110
111266ms,111266,137.501,0.188223
111333ms,111333,137.547,0.187808
111399ms,111399,138.535,0.189519
111466ms,111466,138.779,0.190687
111533ms,111533,139.335,0.191818
111600ms,111600,139.453,0.190775
111666ms,111666,139.453,0.190776
111733ms,111733,139.453,0.190776
111800ms,111800,139.451,0.190772
111866ms,111866,139.456,0.190796
112000ms,112000,137.651,0.188136
112133ms,112133,136.711,0.186158
112200ms,112200,136.366,0.183974
112733ms,112733,137.383,0.187662
112800ms,112800,138.363,0.189135
112866ms,112866,138.416,0.189437
112933ms,112933,138.585,0.189537
113000ms,113000,139.332,0.191727
113066ms,113066,139.358,0.191628
113133ms,113133,139.476,0.192463
113200ms,113200,139.476,0.192466
113266ms,113266,139.477,0.192479
113333ms,113333,139.481,0.192532
113399ms,113399,138.873,0.190464
113466ms,113466,138.031,0.187943
113533ms,113533,137.764,0.191941
113600ms,113600,136.844,0.186099
113733ms,113733,136.939,0.191349
113800ms,113800,136.762,0.197428
114200ms,114200,137.927,0.195668
114266ms,114266,137.496,0.188382
114399ms,114399,138.621,0.190752
114466ms,114466,139.037,0.190483
114533ms,114533,139.635,0.191536
114600ms,114600,139.618,0.191471
114666ms,114666,139.618,0.191472
114733ms,114733,139.618,0.191475
114800ms,114800,139.618,0.191475
114866ms,114866,139.508,0.191173
114933ms,114933,138.521,0.190334
115000ms,115000,137.502,0.190500
115066ms,115066,137.413,0.192357
115133ms,115133,136.396,0.185055
115200ms,115200,136.093,0.184657
115800ms,115800,138.114,0.189476
115866ms,115866,138.491,0.189951
115933ms,115933,138.916,0.191346
116000ms,116000,139.317,0.190705
116066ms,116066,139.417,0.190814
116133ms,116133,139.418,0.190816
116200ms,116200,139.434,0.191193
116266ms,116266,139.385,0.191394
116333ms,116333,139.405,0.190966
116399ms,116399,138.460,0.190419
116533ms,116533,137.467,0.189959
116666ms,116666,136.306,0.183956
117266ms,117266,137.670,0.187936
117333ms,117333,138.420,0.189280
117399ms,117399,138.793,0.191518
117466ms,117466,139.249,0.191250
117533ms,117533,139.466,0.190830
117600ms,117600,139.468,0.190841
117666ms,117666,139.469,0.190841
117733ms,117733,139.469,0.190838
117800ms,117800,139.521,0.190999
117866ms,117866,138.883,0.190095
117933ms,117933,138.084,0.187948
118000ms,118000,137.600,0.190926
118066ms,118066,136.557,0.186745
118133ms,118133,136.363,0.184443
118733ms,118733,137.473,0.188507
118866ms,118866,138.671,0.191222
118933ms,118933,139.147,0.190325
119000ms,119000,139.495,0.190943
119066ms,119066,139.496,0.190943
119133ms,119133,139.494,0.190959
119200ms,119200,139.493,0.190973
119266ms,119266,139.444,0.190500
119333ms,119333,139.077,0.191718
119399ms,119399,138.183,0.189561
119466ms,119466,137.574,0.193316
119533ms,119533,136.512,0.186451
119600ms,119600,136.531,0.184956
120200ms,120200,137.449,0.188363
120266ms,120266,138.680,0.189528
120333ms,120333,138.825,0.190624
120399ms,120399,139.241,0.191319
120466ms,120466,139.454,0.191250
120533ms,120533,139.451,0.191305
120600ms,120600,139.409,0.191305
120666ms,120666,139.411,0.191281
120733ms,120733,139.449,0.191058
120800ms,120800,139.172,0.191515
120866ms,120866,138.323,0.189027
120933ms,120933,137.366,0.189911
121000ms,121000,136.787,0.186593
121066ms,121066,136.648,0.186262
121666ms,121666,137.464,0.188518
121733ms,121733,138.069,0.189888
121800ms,121800,138.927,0.191179
121866ms,121866,139.207,0.190904
121933ms,121933,139.488,0.190910
122000ms,122000,139.488,0.190910
122066ms,122066,139.490,0.190900
122133ms,122133,139.480,0.190898
122200ms,122200,139.481,0.190885
122266ms,122266,139.476,0.192123
122333ms,122333,138.300,0.189152
122399ms,122399,137.489,0.188651
122533ms,122533,136.422,0.185018
122600ms,122600,136.951,0.195169
123066ms,123066,136.960,0.186578
123133ms,123133,137.613,0.187457
123200ms,123200,138.460,0.188356
123266ms,123266,138.738,0.189836
123333ms,123333,138.839,0.190792
123399ms,123399,139.445,0.191054
123466ms,123466,139.353,0.190890
123533ms,123533,139.352,0.190889
123600ms,123600,139.352,0.190889
123666ms,123666,139.353,0.190859
123733ms,123733,139.684,0.190588
123866ms,123866,137.865,0.195039
123933ms,123933,136.857,0.186306
124000ms,124000,136.639,0.186845
124666ms,124666,138.402,0.191170
124733ms,124733,138.622,0.189529
124800ms,124800,138.819,0.190911
124866ms,124866,139.319,0.190898
124933ms,124933,139.326,0.190764
125000ms,125000,139.263,0.190781
125066ms,125066,139.336,0.190767
125133ms,125133,139.266,0.190760
125200ms,125200,139.239,0.191138
125266ms,125266,138.828,0.190628
125333ms,125333,137.881,0.187614
125399ms,125399,137.088,0.186727
125466ms,125466,136.528,0.186145
125533ms,125533,136.339,0.184301
126133ms,126133,137.527,0.188171
126200ms,126200,138.175,0.188813
126266ms,126266,138.759,0.191078
126333ms,126333,139.317,0.191235
126399ms,126399,139.324,0.191648
126466ms,126466,139.324,0.191647
126666ms,126666,139.330,0.191456
126733ms,126733,138.938,0.191123
126800ms,126800,138.062,0.188500
126866ms,126866,137.522,0.189251
126933ms,126933,137.210,0.194532
127000ms,127000,136.380,0.184433
127600ms,127600,137.617,0.187552
127666ms,127666,137.893,0.190182
127733ms,127733,138.874,0.191134
127800ms,127800,139.207,0.191434
127866ms,127866,139.319,0.191732
127933ms,127933,139.388,0.191688
128000ms,128000,139.389,0.191656
128066ms,128066,139.390,0.191663
128133ms,128133,139.344,0.190870
128199ms,128199,139.095,0.191160
128266ms,128266,138.323,0.188705
128333ms,128333,137.941,0.193544
128400ms,128400,136.701,0.187051
128466ms,128466,136.553,0.186303
129066ms,129066,137.668,0.188422
129133ms,129133,138.141,0.190593
129199ms,129199,138.471,0.190497
129266ms,129266,138.663,0.190913
129333ms,129333,140.248,0.200427
129400ms,129400,140.248,0.200412
129466ms,129466,140.249,0.200385
129533ms,129533,140.251,0.200420
129600ms,129600,139.382,0.192283
129666ms,129666,139.452,0.193004
129733ms,129733,138.389,0.189403
129866ms,129866,136.760,0.185808
129933ms,129933,136.424,0.186728
130000ms,130000,136.284,0.184827
130533ms,130533,137.527,0.187716
130600ms,130600,138.502,0.189555
130733ms,130733,139.322,0.188581
130800ms,130800,139.366,0.190760
130866ms,130866,139.285,0.190533
130933ms,130933,139.268,0.190358
131000ms,131000,139.380,0.190312
131066ms,131066,139.379,0.190318
131133ms,131133,139.310,0.189933
131333ms,131333,136.832,0.186425
131400ms,131400,137.189,0.194403
131466ms,131466,136.435,0.183878
132066ms,132066,137.518,0.188089
132133ms,132133,138.002,0.189100
132200ms,132200,138.654,0.190358
132266ms,132266,139.237,0.190838
132333ms,132333,139.275,0.190999
132400ms,132400,139.277,0.191001
132466ms,132466,139.275,0.191003
132533ms,132533,139.275,0.190997
132600ms,132600,139.291,0.190525
132666ms,132666,139.159,0.189517
132733ms,132733,137.993,0.188053
132800ms,132800,137.514,0.191828
132933ms,132933,136.570,0.185145
133000ms,133000,136.549,0.183982
133066ms,133066,136.411,0.186280
133533ms,133533,137.608,0.188703
133600ms,133600,138.024,0.190393
133666ms,133666,138.451,0.190419
133733ms,133733,139.277,0.191256
133800ms,133800,139.277,0.191586
133866ms,133866,139.279,0.191567
133933ms,133933,139.273,0.191572
134000ms,134000,139.275,0.191566
134200ms,134200,138.328,0.188923
134333ms,134333,136.875,0.185925
134533ms,134533,136.479,0.186835
134800ms,134800,136.592,0.193244
135000ms,135000,137.548,0.188446
135066ms,135066,137.820,0.188033
135133ms,135133,138.781,0.190749
135200ms,135200,138.983,0.190677
135266ms,135266,139.308,0.191437
135333ms,135333,139.308,0.191437
135400ms,135400,139.309,0.191440
135466ms,135466,139.311,0.191417
135533ms,135533,139.313,0.191454
135600ms,135600,139.496,0.193360
135800ms,135800,136.917,0.187462
135866ms,135866,136.509,0.184624
135933ms,135933,136.499,0.185003
136000ms,136000,136.390,0.186902
136466ms,136466,137.512,0.187866
136533ms,136533,137.872,0.188241
136600ms,136600,138.611,0.190121
136666ms,136666,139.094,0.191077
136733ms,136733,139.285,0.191142
136800ms,136800,139.290,0.191142
136866ms,136866,139.284,0.191171
136933ms,136933,139.280,0.191190
137000ms,137000,139.282,0.191197
137066ms,137066,139.310,0.190497
137133ms,137133,138.487,0.189949
137333ms,137333,136.637,0.186305
137400ms,137400,136.309,0.184033
137866ms,137866,137.452,0.188028
137933ms,137933,137.531,0.187988
138000ms,138000,138.236,0.191698
138066ms,138066,138.439,0.189819
138133ms,138133,138.901,0.191865
138200ms,138200,139.149,0.191137
138266ms,138266,139.360,0.191217
138333ms,138333,139.360,0.191215
138400ms,138400,139.360,0.191216
138466ms,138466,139.361,0.191213
138533ms,138533,139.522,0.191243
138600ms,138600,138.666,0.189865
138733ms,138733,137.484,0.190941
138800ms,138800,136.442,0.185521
138866ms,138866,136.282,0.184647
139466ms,139466,137.517,0.188343
139533ms,139533,138.197,0.192053
139600ms,139600,138.961,0.191380
139666ms,139666,139.306,0.192112
139733ms,139733,139.348,0.191442
139800ms,139800,139.350,0.191454
139866ms,139866,139.390,0.191570
139933ms,139933,139.395,0.191600
140000ms,140000,139.332,0.191273
140066ms,140066,138.914,0.190518
140133ms,140133,137.769,0.188651
140200ms,140200,136.940,0.187476
140266ms,140266,137.107,0.190780
140333ms,140333,136.394,0.184018
140466ms,140466,136.385,0.187902
140933ms,140933,137.366,0.188121
141000ms,141000,138.130,0.189214
141066ms,141066,138.694,0.190199
141133ms,141133,139.098,0.190677
141400ms,141400,139.231,0.190850
141466ms,141466,139.227,0.190457
141533ms,141533,139.175,0.190603
141600ms,141600,138.131,0.189367
141666ms,141666,138.190,0.204859
141800ms,141800,136.468,0.186118
141933ms,141933,136.327,0.187655
142133ms,142133,136.389,0.192417
142533ms,142533,138.570,0.191208
142600ms,142600,139.088,0.190148
142666ms,142666,139.152,0.190865
142733ms,142733,139.055,0.190816
142800ms,142800,139.065,0.191549
142866ms,142866,139.066,0.191577
142933ms,142933,139.058,0.191595
143000ms,143000,139.197,0.191890
143066ms,143066,138.480,0.188607
143133ms,143133,138.042,0.188237
143200ms,143200,137.591,0.191836
143266ms,143266,136.529,0.187059
143333ms,143333,136.297,0.184901
143400ms,143400,136.355,0.185607
143466ms,143466,136.467,0.189386
143933ms,143933,137.509,0.187626
144066ms,144066,138.752,0.190010
144133ms,144133,139.233,0.191339
144200ms,144200,139.233,0.191339
144266ms,144266,139.233,0.191339
144333ms,144333,139.236,0.191302
144400ms,144400,139.239,0.191249
144466ms,144466,139.238,0.191247
144600ms,144600,137.720,0.188113
144666ms,144666,137.320,0.190678
144733ms,144733,136.539,0.186758
144800ms,144800,136.478,0.185228
144866ms,144866,136.598,0.185533
144933ms,144933,136.434,0.187457
145133ms,145133,136.482,0.190515
145333ms,145333,137.319,0.188581
145400ms,145400,137.485,0.187947
145533ms,145533,138.719,0.189173
145600ms,145600,138.865,0.190335
145666ms,145666,139.243,0.190720
145733ms,145733,139.281,0.190615
145800ms,145800,139.281,0.190613
145866ms,145866,139.281,0.190601
146000ms,146000,139.205,0.194026
146066ms,146066,138.492,0.189110
146133ms,146133,137.502,0.188744
146266ms,146266,136.498,0.186145
146333ms,146333,136.224,0.184782
146800ms,146800,136.925,0.185644
146866ms,146866,137.575,0.188183
146933ms,146933,138.411,0.192184
147000ms,147000,138.192,0.190252
147066ms,147066,138.796,0.191143
147133ms,147133,139.225,0.190903
147200ms,147200,139.208,0.190906
147333ms,147333,139.229,0.190949
147400ms,147400,139.268,0.190879
147466ms,147466,139.405,0.191234
147600ms,147600,137.901,0.187781
147666ms,147666,136.888,0.186422
147800ms,147800,136.314,0.183907
147933ms,147933,136.248,0.187646
148400ms,148400,137.283,0.188161
148466ms,148466,137.912,0.189208
148533ms,148533,138.584,0.190550
148600ms,148600,139.128,0.191505
148666ms,148666,139.165,0.191046
148733ms,148733,139.164,0.191046
148800ms,148800,139.165,0.191046
148866ms,148866,139.163,0.191052
148933ms,148933,139.060,0.190393
149000ms,149000,139.053,0.190399
149066ms,149066,137.915,0.188757
149133ms,149133,137.802,0.191030
149200ms,149200,137.115,0.194081
149266ms,149266,136.412,0.184050
149400ms,149400,136.176,0.187915
149866ms,149866,137.546,0.187990
150000ms,150000,138.714,0.190559
150066ms,150066,139.123,0.190951
150466ms,150466,138.955,0.191154
150533ms,150533,138.099,0.189192
150600ms,150600,137.029,0.187580
150666ms,150666,136.679,0.186896
150733ms,150733,136.536,0.184661
150866ms,150866,136.481,0.186021
150933ms,150933,137.039,0.201571
151133ms,151133,136.967,0.196634
151333ms,151333,137.547,0.187925
151400ms,151400,137.832,0.189616
151466ms,151466,138.659,0.190930
151600ms,151600,139.094,0.190880
151666ms,151666,139.106,0.190660
151733ms,151733,139.121,0.190653
151800ms,151800,139.087,0.190682
151866ms,151866,139.120,0.191098
152000ms,152000,138.310,0.189780
152133ms,152133,136.891,0.187537
152200ms,152200,136.471,0.185510
152266ms,152266,136.313,0.184360
152800ms,152800,137.487,0.187960
152866ms,152866,138.125,0.193021
152933ms,152933,138.258,0.190277
153000ms,153000,138.986,0.190594
153066ms,153066,139.201,0.192366
153133ms,153133,139.202,0.192357
153200ms,153200,139.204,0.192288
153266ms,153266,139.203,0.192328
153333ms,153333,139.202,0.192362
153400ms,153400,139.227,0.190178
153466ms,153466,138.739,0.190535
153533ms,153533,137.609,0.188314
153666ms,153666,136.442,0.186076
153733ms,153733,136.349,0.183604
153866ms,153866,136.449,0.185752
154333ms,154333,137.499,0.188932
154400ms,154400,138.229,0.188985
154466ms,154466,138.805,0.190916
154533ms,154533,139.212,0.192296
154600ms,154600,139.221,0.191093
154666ms,154666,139.239,0.191296
154733ms,154733,139.237,0.191331
154800ms,154800,139.236,0.191355
154866ms,154866,139.236,0.191355
154933ms,154933,138.815,0.190894
155000ms,155000,137.691,0.187785
155133ms,155133,136.587,0.187390
155200ms,155200,136.560,0.185049
155800ms,155800,137.628,0.188140
155866ms,155866,138.059,0.190443
155933ms,155933,138.852,0.190170
156000ms,156000,138.878,0.190659
156066ms,156066,139.253,0.191986
156133ms,156133,139.187,0.191940
156200ms,156200,139.185,0.191975
156266ms,156266,139.185,0.191953
156333ms,156333,139.202,0.191768
156400ms,156400,139.200,0.191553
156466ms,156466,138.690,0.191145
156666ms,156666,136.402,0.186105
157066ms,157066,136.520,0.193146
157333ms,157333,138.229,0.188895
157400ms,157400,138.565,0.189366
157466ms,157466,138.855,0.190818
157533ms,157533,139.170,0.190892
157866ms,157866,139.190,0.192704
157933ms,157933,138.829,0.190441
158000ms,158000,137.671,0.188343
158066ms,158066,136.741,0.186328
158133ms,158133,136.397,0.185019
158333ms,158333,136.488,0.185648
158733ms,158733,137.514,0.187845
158800ms,158800,138.285,0.192284
158866ms,158866,138.096,0.189433
158933ms,158933,138.938,0.190769
159333ms,159333,139.232,0.193204
159400ms,159400,138.853,0.190876
159466ms,159466,137.696,0.188556
159666ms,159666,136.489,0.185508
160200ms,160200,137.333,0.187368
160266ms,160266,137.407,0.188687
160333ms,160333,138.093,0.189763
160400ms,160400,138.643,0.189708
160466ms,160466,138.880,0.191108
160533ms,160533,139.171,0.191805
160600ms,160600,139.172,0.191781
160666ms,160666,139.248,0.191349
160733ms,160733,139.232,0.191667
160800ms,160800,139.231,0.191693
160866ms,160866,139.018,0.191656
160933ms,160933,138.245,0.190134
161066ms,161066,137.215,0.196729
161133ms,161133,136.455,0.184531
161266ms,161266,136.330,0.187053
161733ms,161733,138.186,0.190731
161866ms,161866,138.596,0.189597
161933ms,161933,138.812,0.190852
162000ms,162000,139.110,0.191083
162066ms,162066,139.054,0.190839
162133ms,162133,139.098,0.190964
162200ms,162200,139.096,0.190950
162266ms,162266,139.115,0.191444
162333ms,162333,139.142,0.191467
162600ms,162600,136.448,0.185283
162666ms,162666,136.369,0.184693
162933ms,162933,136.304,0.194509
163000ms,163000,136.688,0.191842
163266ms,163266,137.878,0.188719
163333ms,163333,138.598,0.189967
163400ms,163400,138.850,0.190874
163466ms,163466,139.267,0.192080
163533ms,163533,139.277,0.191837
163600ms,163600,139.230,0.191873
163666ms,163666,139.279,0.191781
163733ms,163733,139.279,0.191777
163800ms,163800,139.253,0.192271
163866ms,163866,138.522,0.189385
163933ms,163933,137.508,0.190195
164066ms,164066,136.464,0.186004
164133ms,164133,136.176,0.185418
164666ms,164666,137.527,0.187837
164733ms,164733,137.625,0.188921
164800ms,164800,138.238,0.190370
164866ms,164866,138.656,0.190040
164933ms,164933,139.283,0.191396
165000ms,165000,139.348,0.192651
165066ms,165066,139.278,0.192251
165133ms,165133,139.232,0.192190
165200ms,165200,139.233,0.192173
165266ms,165266,139.243,0.191613
165333ms,165333,138.723,0.192287
165400ms,165400,137.775,0.188191
165533ms,165533,136.466,0.185949
165600ms,165600,136.452,0.183925
166200ms,166200,137.535,0.187926
166333ms,166333,138.622,0.190466
166400ms,166400,139.139,0.190190
166466ms,166466,139.209,0.190626
166533ms,166533,139.170,0.190468
166600ms,166600,139.170,0.190468
166666ms,166666,139.039,0.190193
166733ms,166733,139.058,0.189673
166800ms,166800,138.941,0.189958
166866ms,166866,137.762,0.188893
167000ms,167000,136.417,0.185782
167066ms,167066,136.350,0.184357
167666ms,167666,137.679,0.187895
167733ms,167733,138.096,0.189652
167800ms,167800,138.786,0.190021
167866ms,167866,139.024,0.192174
168266ms,168266,139.000,0.190897
168333ms,168333,138.276,0.188798
168400ms,168400,137.234,0.188055
168466ms,168466,136.649,0.186565
168666ms,168666,136.447,0.187265
168866ms,168866,136.369,0.190451
169133ms,169133,137.339,0.188206
169200ms,169200,137.990,0.188713
169333ms,169333,138.880,0.190121
169400ms,169400,139.109,0.191105
169466ms,169466,139.109,0.191105
169533ms,169533,139.109,0.191096
169600ms,169600,139.109,0.191089
169666ms,169666,139.109,0.191094
169733ms,169733,139.202,0.190890
169933ms,169933,136.676,0.186493
170000ms,170000,136.449,0.186851
170066ms,170066,136.363,0.183846
170133ms,170133,136.397,0.185628
170200ms,170200,136.416,0.188927
170666ms,170666,138.562,0.192547
170733ms,170733,138.443,0.191118
170800ms,170800,138.680,0.189933
170866ms,170866,139.164,0.192155
170933ms,170933,139.368,0.191451
171000ms,171000,139.363,0.192116
171066ms,171066,139.256,0.191065
171133ms,171133,139.240,0.191071
171266ms,171266,139.012,0.192439
171333ms,171333,137.919,0.197307
171400ms,171400,136.881,0.187446
171466ms,171466,136.407,0.185165
171533ms,171533,136.495,0.184062
171600ms,171600,136.332,0.185749
171666ms,171666,136.482,0.186706
171800ms,171800,136.471,0.185967
171933ms,171933,136.786,0.194791
172133ms,172133,138.251,0.191962
172200ms,172200,138.415,0.189425
172266ms,172266,138.560,0.189721
172733ms,172733,139.122,0.192561
172800ms,172800,138.315,0.189777
172866ms,172866,137.121,0.188392
172933ms,172933,136.440,0.185655
173000ms,173000,136.315,0.185296
173066ms,173066,136.447,0.185414
173533ms,173533,137.430,0.187379
173600ms,173600,137.709,0.187854
173666ms,173666,137.777,0.188793
173733ms,173733,138.814,0.191181
173800ms,173800,138.934,0.191059
173866ms,173866,139.200,0.192248
174000ms,174000,139.224,0.191810
174066ms,174066,139.260,0.191670
174133ms,174133,139.338,0.192082
174200ms,174200,139.175,0.193893
174333ms,174333,137.711,0.198301
174400ms,174400,136.828,0.186085
174466ms,174466,136.528,0.185670
175066ms,175066,137.691,0.187867
175133ms,175133,137.715,0.188674
175200ms,175200,138.572,0.190449
175266ms,175266,139.080,0.191531
175333ms,175333,139.294,0.190711
175400ms,175400,139.294,0.190712
175466ms,175466,139.294,0.190714
175533ms,175533,139.201,0.191002
175600ms,175600,139.192,0.190835
175666ms,175666,139.366,0.190042
175733ms,175733,138.523,0.189290
175866ms,175866,136.848,0.186315
175933ms,175933,136.573,0.185111
176000ms,176000,136.318,0.184646
176066ms,176066,136.247,0.184614
176333ms,176333,136.555,0.189365
176466ms,176466,136.928,0.185849
176533ms,176533,137.516,0.187136
176600ms,176600,138.144,0.189479
176666ms,176666,138.688,0.190241
176733ms,176733,138.899,0.191024
176800ms,176800,139.062,0.191697
176866ms,176866,139.172,0.191394
176933ms,176933,139.169,0.191398
177000ms,177000,139.185,0.191578
177066ms,177066,139.182,0.191577
177133ms,177133,139.330,0.192073
177200ms,177200,138.818,0.190730
177400ms,177400,136.560,0.185747
177466ms,177466,136.511,0.185358
177666ms,177666,136.251,0.184599
177800ms,177800,136.255,0.193822
178066ms,178066,138.093,0.192023
178133ms,178133,138.242,0.188926
178200ms,178200,138.645,0.190756
178266ms,178266,139.259,0.191458
178333ms,178333,139.258,0.191171
178400ms,178400,139.259,0.191171
178466ms,178466,139.258,0.191183
178533ms,178533,139.257,0.191196
178600ms,178600,139.294,0.190733
178666ms,178666,138.967,0.191039
178733ms,178733,138.015,0.187832
178800ms,178800,137.553,0.194576
178866ms,178866,136.616,0.187514
179533ms,179533,137.349,0.187941
179600ms,179600,138.000,0.188807
179733ms,179733,138.860,0.191065
179800ms,179800,139.188,0.192022
179866ms,179866,139.191,0.192025
179933ms,179933,139.155,0.192131
180000ms,180000,139.154,0.192138
180066ms,180066,139.008,0.190634
180133ms,180133,138.801,0.190360
180200ms,180200,138.030,0.190041
180333ms,180333,137.186,0.198615
180466ms,180466,136.391,0.185782
180600ms,180600,136.339,0.187236
180733ms,180733,136.500,0.188420
181000ms,181000,137.627,0.187664
181266ms,181266,139.318,0.191876
181333ms,181333,139.318,0.191875
181400ms,181400,139.318,0.191904
181466ms,181466,139.316,0.191927
181533ms,181533,139.319,0.191938
181600ms,181600,139.099,0.191420
181666ms,181666,138.396,0.188642
181733ms,181733,137.284,0.190009
181800ms,181800,136.662,0.186243
181866ms,181866,136.370,0.185755
181933ms,181933,136.371,0.185462
182466ms,182466,137.632,0.187755
182533ms,182533,137.710,0.188729
182600ms,182600,138.448,0.190987
182733ms,182733,139.069,0.191139
182800ms,182800,139.069,0.191133
182866ms,182866,139.069,0.191133
183066ms,183066,139.186,0.192603
183133ms,183133,138.534,0.189016
183266ms,183266,136.574,0.186052
183333ms,183333,136.447,0.185824
183466ms,183466,136.398,0.185413
183666ms,183666,136.448,0.190992
183933ms,183933,137.470,0.188137
184000ms,184000,138.144,0.191231
184066ms,184066,138.721,0.190454
184133ms,184133,138.785,0.190298
184600ms,184600,138.705,0.190175
184733ms,184733,136.862,0.188029
184800ms,184800,136.636,0.187342
184866ms,184866,136.372,0.184298
185400ms,185400,137.530,0.187700
185466ms,185466,138.222,0.189653
185533ms,185533,138.363,0.190131
185600ms,185600,138.685,0.190611
186066ms,186066,138.749,0.190768
186200ms,186200,136.831,0.186605
186266ms,186266,136.502,0.186568
186466ms,186466,136.826,0.194521
186733ms,186733,136.911,0.201900
186933ms,186933,137.615,0.187799
187000ms,187000,138.162,0.189141
187133ms,187133,138.827,0.190617
187533ms,187533,139.255,0.191481
187600ms,187600,138.582,0.190176
187666ms,187666,137.439,0.190228
187800ms,187800,136.390,0.184776
187866ms,187866,136.277,0.184887
187933ms,187933,136.176,0.185135
188400ms,188400,137.397,0.187476
188466ms,188466,137.733,0.188671
188533ms,188533,138.741,0.190005
188600ms,188600,138.768,0.190347
188666ms,188666,139.207,0.190855
188733ms,188733,139.169,0.191008
188800ms,188800,139.168,0.191008
188866ms,188866,139.176,0.191017
188933ms,188933,139.179,0.190996
189000ms,189000,139.187,0.191098
189066ms,189066,138.664,0.190365
189133ms,189133,137.298,0.188070
189266ms,189266,136.491,0.185827
189333ms,189333,136.424,0.184338
189666ms,189666,136.492,0.193343
189933ms,189933,137.580,0.187891
190000ms,190000,138.286,0.189514
190066ms,190066,139.011,0.191383
190466ms,190466,139.191,0.191851
190600ms,190600,138.027,0.188500
190666ms,190666,137.638,0.197708
190800ms,190800,136.581,0.185653
190866ms,190866,136.409,0.187233
191400ms,191400,138.185,0.195812
191466ms,191466,137.999,0.190669
191533ms,191533,138.777,0.190094
191600ms,191600,139.154,0.190784
191933ms,191933,139.257,0.191364
192000ms,192000,139.165,0.191676
192266ms,192266,136.567,0.186312
192600ms,192600,136.507,0.191299
192933ms,192933,137.815,0.188999
193266ms,193266,139.357,0.192077
193333ms,193333,139.444,0.191601
193400ms,193400,139.480,0.191307
193466ms,193466,139.264,0.190832
193600ms,193600,137.786,0.198978
193666ms,193666,136.800,0.186524
193866ms,193866,136.421,0.188267
194066ms,194066,136.548,0.193811
194133ms,194133,136.461,0.197060
194400ms,194400,137.703,0.188419
194466ms,194466,138.558,0.190311
195000ms,195000,138.526,0.188660
195066ms,195066,137.911,0.195925
195133ms,195133,136.779,0.187510
195733ms,195733,136.935,0.186774
195800ms,195800,137.620,0.187342
195866ms,195866,138.381,0.191856
195933ms,195933,138.338,0.189739
196000ms,196000,138.699,0.190674
196200ms,196200,139.249,0.192286
196266ms,196266,139.256,0.192335
196400ms,196400,139.230,0.192492
196533ms,196533,137.544,0.188309
196600ms,196600,136.716,0.186879
196666ms,196666,136.361,0.186063
196733ms,196733,136.685,0.186921
197333ms,197333,138.232,0.191388
197466ms,197466,138.790,0.190860
197866ms,197866,139.158,0.191966
197933ms,197933,138.800,0.190512
198000ms,198000,137.739,0.187869
198133ms,198133,136.486,0.185584
198200ms,198200,136.341,0.184539
198333ms,198333,136.370,0.187607
198866ms,198866,138.123,0.190600
198933ms,198933,138.729,0.190597
199000ms,199000,139.248,0.191257
199066ms,199066,139.125,0.191038
199133ms,199133,139.112,0.190844
199200ms,199200,139.114,0.190848
199266ms,199266,139.114,0.190844
199333ms,199333,139.119,0.190888
199400ms,199400,139.051,0.191428
199466ms,199466,137.607,0.189652
199800ms,199800,136.379,0.186684
200266ms,200266,137.621,0.187897
200333ms,200333,137.648,0.187998
200400ms,200400,138.453,0.190506
200466ms,200466,139.074,0.192347
200533ms,200533,139.269,0.191275
200600ms,200600,139.271,0.191273
200666ms,200666,139.294,0.191299
200733ms,200733,139.295,0.191301
200800ms,200800,139.295,0.191296
200866ms,200866,138.970,0.190566
200933ms,200933,138.120,0.190932
201066ms,201066,136.931,0.186946
201133ms,201133,136.453,0.185980
201200ms,201200,136.309,0.185009
201733ms,201733,137.561,0.188679
201800ms,201800,137.860,0.188638
201866ms,201866,138.233,0.189361
201933ms,201933,138.963,0.190375
202000ms,202000,139.147,0.192058
202333ms,202333,139.166,0.190826
202533ms,202533,136.758,0.186797
202600ms,202600,136.186,0.184979
202666ms,202666,136.471,0.183789
202800ms,202800,136.262,0.190557
203266ms,203266,137.671,0.188382
203333ms,203333,138.175,0.190346
203400ms,203400,138.824,0.191008
203466ms,203466,139.111,0.190209
203533ms,203533,139.346,0.190573
203600ms,203600,139.342,0.190596
203666ms,203666,139.341,0.190585
203733ms,203733,139.168,0.190901
203800ms,203800,139.292,0.190567
203866ms,203866,139.137,0.190683
204000ms,204000,137.485,0.189224
204066ms,204066,136.458,0.186026
204133ms,204133,136.385,0.184940
204466ms,204466,136.627,0.188357
204666ms,204666,137.755,0.194048
204733ms,204733,137.546,0.188132
204866ms,204866,138.946,0.189864
204933ms,204933,139.443,0.191944
205000ms,205000,139.335,0.191582
205133ms,205133,139.336,0.191596
205200ms,205200,139.336,0.191600
205266ms,205266,139.219,0.190882
205333ms,205333,138.896,0.190820
205400ms,205400,137.784,0.187369
205533ms,205533,136.457,0.186191
205600ms,205600,136.280,0.184217
206066ms,206066,136.825,0.186685
206200ms,206200,137.524,0.188696
206266ms,206266,138.394,0.189366
206333ms,206333,138.736,0.190121
206400ms,206400,139.262,0.191214
206466ms,206466,139.262,0.191140
206533ms,206533,139.263,0.191140
206600ms,206600,139.297,0.190989
206666ms,206666,139.214,0.190874
206733ms,206733,139.382,0.190710
206799ms,206799,138.590,0.189054
206933ms,206933,136.589,0.186008
207000ms,207000,136.293,0.185446
207666ms,207666,138.202,0.192286
207733ms,207733,138.099,0.188991
207799ms,207799,138.693,0.190000
207866ms,207866,139.083,0.191378
207933ms,207933,139.083,0.191378
208000ms,208000,139.083,0.191377
208066ms,208066,139.102,0.191373
208133ms,208133,139.102,0.191374
208200ms,208200,139.123,0.190490
208266ms,208266,138.551,0.190942
208333ms,208333,137.589,0.188864
208400ms,208400,136.827,0.187031
208466ms,208466,136.493,0.185523
208533ms,208533,136.235,0.184362
208866ms,208866,136.336,0.186868
209066ms,209066,137.407,0.187414
209133ms,209133,138.085,0.192910
209266ms,209266,138.878,0.189882
209400ms,209400,139.187,0.191080
209466ms,209466,139.185,0.191083
209666ms,209666,139.252,0.190702
209733ms,209733,138.906,0.190771
209799ms,209799,137.771,0.187361
209866ms,209866,137.321,0.191331
209933ms,209933,136.446,0.186542
210000ms,210000,136.331,0.184145
210600ms,210600,137.399,0.187940
210733ms,210733,138.843,0.190038
211200ms,211200,139.107,0.190931
211266ms,211266,137.861,0.189321
211333ms,211333,137.354,0.190424
211400ms,211400,136.438,0.186812
211466ms,211466,136.384,0.184104
211600ms,211600,136.420,0.187171
212066ms,212066,137.498,0.187764
212200ms,212200,138.572,0.190058
212266ms,212266,138.935,0.191060
212866ms,212866,137.233,0.194404
212933ms,212933,136.643,0.185564
213000ms,213000,136.402,0.186099
213133ms,213133,136.539,0.189465
213533ms,213533,137.697,0.187578
213600ms,213600,138.261,0.191200
213733ms,213733,138.815,0.190487
214133ms,214133,139.258,0.191937
214266ms,214266,138.072,0.201238
214333ms,214333,137.571,0.193821
214400ms,214400,136.444,0.186059
214466ms,214466,136.331,0.184651
214533ms,214533,136.310,0.186183
214600ms,214600,136.280,0.189305
215066ms,215066,137.609,0.188432
215133ms,215133,137.941,0.189301
215666ms,215666,138.627,0.189276
215933ms,215933,136.567,0.185151
216466ms,216466,137.552,0.188346
216533ms,216533,138.203,0.192150
216600ms,216600,138.020,0.188690
216666ms,216666,138.622,0.190399
216733ms,216733,138.928,0.191545
217133ms,217133,139.168,0.191410
217266ms,217266,136.656,0.186464
217333ms,217333,136.293,0.186008
217400ms,217400,136.560,0.187367
217466ms,217466,136.400,0.185362
217600ms,217600,136.393,0.190644
218000ms,218000,137.633,0.188365
218200ms,218200,138.801,0.190400
218266ms,218266,139.028,0.191845
218600ms,218600,139.327,0.190690
218799ms,218799,136.688,0.186957
218933ms,218933,136.423,0.185540
219466ms,219466,137.403,0.187473
219533ms,219533,137.676,0.189204
219666ms,219666,138.818,0.190226
220066ms,220066,139.122,0.191430
220266ms,220266,136.821,0.187063
220333ms,220333,137.020,0.190573
220466ms,220466,136.438,0.185846
221066ms,221066,138.620,0.189898
221133ms,221133,138.539,0.190186
221533ms,221533,139.053,0.190038
221600ms,221600,138.449,0.190815
221733ms,221733,136.764,0.187751
221799ms,221799,136.379,0.185350
222333ms,222333,136.762,0.186137
222400ms,222400,137.390,0.187097
222466ms,222466,138.172,0.189780
222533ms,222533,138.316,0.190143
223000ms,223000,139.161,0.191545
223133ms,223133,137.739,0.188500
223266ms,223266,136.305,0.186219
223333ms,223333,136.445,0.185365
223733ms,223733,136.948,0.204309
223933ms,223933,137.497,0.187476
224066ms,224066,138.806,0.190442
224133ms,224133,139.100,0.191918
224466ms,224466,138.959,0.190650
224533ms,224533,138.937,0.190912
224600ms,224600,137.813,0.187800
224733ms,224733,137.211,0.196992
224799ms,224799,136.398,0.184570
225400ms,225400,137.531,0.187670
225466ms,225466,138.877,0.188135
225533ms,225533,138.689,0.190494
225600ms,225600,139.015,0.191476
225666ms,225666,139.300,0.191502
225733ms,225733,139.177,0.191606
225799ms,225799,139.272,0.190964
225866ms,225866,139.269,0.190955
225933ms,225933,139.208,0.190829
226000ms,226000,139.023,0.190711
226066ms,226066,137.978,0.188124
226133ms,226133,137.389,0.190861
226200ms,226200,136.479,0.188040
226266ms,226266,136.469,0.184899
226400ms,226400,136.388,0.187252
226466ms,226466,136.501,0.185708
226866ms,226866,137.540,0.187460
226933ms,226933,137.855,0.188613
227000ms,227000,138.795,0.190381
227066ms,227066,139.038,0.191360
227200ms,227200,139.183,0.191616
227466ms,227466,138.960,0.192676
227533ms,227533,138.362,0.188609
227666ms,227666,136.761,0.187170
227733ms,227733,137.114,0.192019
227799ms,227799,136.291,0.186354
228066ms,228066,136.381,0.192918
228133ms,228133,136.646,0.196735
228333ms,228333,137.385,0.187364
228400ms,228400,137.623,0.188671
228466ms,228466,138.513,0.189441
228533ms,228533,138.819,0.191027
228933ms,228933,139.062,0.192190
229066ms,229066,137.916,0.201533
229133ms,229133,137.834,0.193847
229200ms,229200,137.155,0.194323
229266ms,229266,136.595,0.184712
229600ms,229600,136.370,0.194824
229933ms,229933,138.244,0.190337
230066ms,230066,139.133,0.190441
230133ms,230133,139.383,0.191227
230200ms,230200,139.399,0.191238
230266ms,230266,139.401,0.191240
230333ms,230333,139.400,0.191244
230400ms,230400,139.401,0.191257
230466ms,230466,138.814,0.190741
230600ms,230600,136.922,0.186496
230666ms,230666,136.716,0.187235
230733ms,230733,136.538,0.185181
231266ms,231266,137.234,0.187206
231333ms,231333,138.261,0.192349
231400ms,231400,137.828,0.188747
231466ms,231466,138.531,0.190016
231533ms,231533,138.900,0.191069
232066ms,232066,136.773,0.186235
232133ms,232133,136.819,0.186373
232200ms,232200,136.529,0.185781
232733ms,232733,137.412,0.188028
232933ms,232933,138.533,0.190118
233000ms,233000,138.761,0.190903
233400ms,233400,139.335,0.190699
233666ms,233666,137.033,0.190997
233799ms,233799,136.338,0.185652
234333ms,234333,137.573,0.188957
234400ms,234400,138.375,0.190235
234466ms,234466,138.726,0.191246
234600ms,234600,139.246,0.191753
234666ms,234666,139.246,0.191753
234733ms,234733,139.204,0.191632
234866ms,234866,139.245,0.190892
234933ms,234933,138.183,0.189298
235000ms,235000,137.516,0.189650
235066ms,235066,136.479,0.186307
235133ms,235133,136.329,0.185842
235200ms,235200,136.224,0.184685
235333ms,235333,136.447,0.187268
235733ms,235733,137.460,0.187578
235799ms,235799,137.484,0.188948
235866ms,235866,138.265,0.189043
235933ms,235933,138.769,0.190418
236000ms,236000,139.309,0.191520
236066ms,236066,139.331,0.191700
236133ms,236133,139.332,0.191707
236200ms,236200,139.357,0.192022
236266ms,236266,139.356,0.192034
236333ms,236333,139.277,0.190970
236400ms,236400,138.679,0.189993
236466ms,236466,137.692,0.187153
236600ms,236600,136.473,0.185091
236666ms,236666,136.237,0.184814
237266ms,237266,137.587,0.187811
237400ms,237400,138.806,0.190447
237933ms,237933,137.678,0.187220
238000ms,238000,136.737,0.186027
238066ms,238066,136.386,0.186486
238133ms,238133,136.378,0.184884
238266ms,238266,136.337,0.187384
238666ms,238666,137.310,0.187715
238733ms,238733,138.249,0.188751
239200ms,239200,139.408,0.190853
239266ms,239266,139.313,0.190339
239333ms,239333,138.774,0.190910
239533ms,239533,136.490,0.186835
239600ms,239600,136.365,0.184467
239933ms,239933,136.481,0.186794
240133ms,240133,137.189,0.187608
240200ms,240200,137.377,0.188315
240266ms,240266,138.296,0.189655
240333ms,240333,138.684,0.190535
240866ms,240866,137.747,0.188662
241000ms,241000,136.288,0.187282
241066ms,241066,136.399,0.185655
241666ms,241666,137.640,0.188532
241733ms,241733,138.210,0.190238
242266ms,242266,139.116,0.191025
242333ms,242333,138.054,0.190327
242400ms,242400,137.584,0.189295
242466ms,242466,136.482,0.186413
242533ms,242533,136.294,0.184019
242600ms,242600,136.953,0.194999
242666ms,242666,136.270,0.187845
243066ms,243066,137.707,0.192919
243133ms,243133,137.410,0.187159
243200ms,243200,138.390,0.193288
243733ms,243733,139.083,0.191653
243866ms,243866,137.786,0.189582
244000ms,244000,136.521,0.185461
244066ms,244066,136.394,0.186172
244133ms,244133,136.351,0.185851
244200ms,244200,136.410,0.185881
244533ms,244533,137.615,0.189985
244600ms,244600,137.592,0.187939
244666ms,244666,137.982,0.192620
244733ms,244733,138.141,0.189108
244799ms,244799,138.875,0.190916
245266ms,245266,138.260,0.188534
245333ms,245333,137.738,0.201549
245466ms,245466,136.412,0.185578
245533ms,245533,136.406,0.183530
246000ms,246000,137.526,0.187986
246133ms,246133,138.157,0.194217
246266ms,246266,138.675,0.190280
246333ms,246333,139.148,0.193615
246666ms,246666,139.359,0.192209
246733ms,246733,138.744,0.191401
246799ms,246799,137.336,0.193353
246866ms,246866,136.520,0.188065
247000ms,247000,136.356,0.184472
247133ms,247133,136.401,0.185454
247400ms,247400,137.060,0.194625
247600ms,247600,137.853,0.189088
247733ms,247733,138.677,0.190166
247799ms,247799,139.096,0.191652
248133ms,248133,139.159,0.192933
248333ms,248333,137.250,0.188593
248400ms,248400,137.076,0.197079
248466ms,248466,136.391,0.184486
248533ms,248533,136.132,0.186077
248600ms,248600,136.129,0.186011
248666ms,248666,136.350,0.187411
249066ms,249066,137.595,0.187722
249200ms,249200,138.762,0.190392
249266ms,249266,139.022,0.191493
249533ms,249533,139.164,0.191442
249600ms,249600,139.269,0.191673
249666ms,249666,139.009,0.191149
249733ms,249733,138.004,0.188599
249799ms,249799,137.392,0.195507
249866ms,249866,137.222,0.198792
249933ms,249933,136.346,0.183810
250600ms,250600,138.051,0.189212
250733ms,250733,138.989,0.191507
250799ms,250799,139.115,0.191744
250866ms,250866,139.100,0.191689
250933ms,250933,139.173,0.191660
251000ms,251000,139.127,0.191641
251066ms,251066,139.128,0.191576
251133ms,251133,139.109,0.191143
251200ms,251200,138.175,0.189549
251266ms,251266,136.964,0.187368
251400ms,251400,136.468,0.185385
251533ms,251533,136.325,0.186700
251799ms,251799,136.692,0.193003
251933ms,251933,137.471,0.187217
252066ms,252066,137.825,0.190335
252200ms,252200,138.957,0.190628
252266ms,252266,139.179,0.191168
252333ms,252333,139.179,0.191165
252400ms,252400,139.179,0.191164
252466ms,252466,139.178,0.191098
252533ms,252533,139.178,0.191025
252600ms,252600,139.090,0.190772
252666ms,252666,138.224,0.189765
252866ms,252866,136.612,0.186055
253200ms,253200,136.524,0.191670
253466ms,253466,137.567,0.187622
253533ms,253533,137.820,0.188301
253600ms,253600,138.357,0.190680
253666ms,253666,138.956,0.191417
253733ms,253733,139.183,0.191661
253799ms,253799,139.236,0.191721
253866ms,253866,139.241,0.191727
253933ms,253933,139.241,0.191725
254000ms,254000,139.292,0.191723
254066ms,254066,139.010,0.190955
254133ms,254133,138.433,0.188485
254200ms,254200,137.735,0.198220
254333ms,254333,136.419,0.185063
254400ms,254400,136.355,0.184729
254466ms,254466,136.398,0.184391
254866ms,254866,136.809,0.186815
255000ms,255000,137.812,0.188258
255066ms,255066,138.334,0.189513
255133ms,255133,138.819,0.190612
255200ms,255200,139.159,0.192031
255266ms,255266,139.159,0.192031
255333ms,255333,139.159,0.192033
255400ms,255400,139.159,0.192032
255466ms,255466,139.161,0.192032
255533ms,255533,139.122,0.190963
255600ms,255600,138.364,0.189747
255799ms,255799,136.399,0.185281
255866ms,255866,136.262,0.184855
256466ms,256466,137.698,0.188294
256666ms,256666,139.342,0.192275
256733ms,256733,139.479,0.192104
256800ms,256800,139.478,0.192105
256866ms,256866,139.507,0.192324
256933ms,256933,139.508,0.192350
257000ms,257000,139.422,0.191166
257066ms,257066,138.634,0.190835
257133ms,257133,138.097,0.188227
257266ms,257266,136.427,0.185267
257333ms,257333,136.133,0.184076
257466ms,257466,136.390,0.185819
257533ms,257533,136.494,0.187521
257866ms,257866,137.133,0.187325
257933ms,257933,138.090,0.193705
258000ms,258000,138.351,0.189995
258066ms,258066,138.896,0.190522
258133ms,258133,139.280,0.191493
258200ms,258200,139.371,0.191552
258266ms,258266,139.374,0.191554
258533ms,258533,138.984,0.191427
258600ms,258600,137.645,0.188312
258666ms,258666,137.257,0.189407
258800ms,258800,136.247,0.184386
259133ms,259133,136.635,0.196244
259333ms,259333,137.365,0.187217
259466ms,259466,137.687,0.187511
259533ms,259533,138.325,0.189541
260266ms,260266,136.455,0.185526
260333ms,260333,136.221,0.184287
260666ms,260666,136.524,0.190166
260866ms,260866,138.207,0.190548
260933ms,260933,137.813,0.187808
261000ms,261000,138.196,0.189155
261133ms,261133,139.017,0.191670
261200ms,261200,139.018,0.191669
261266ms,261266,139.019,0.191762
261333ms,261333,139.048,0.191804
261399ms,261399,139.019,0.191796
261466ms,261466,139.152,0.192667
261666ms,261666,136.684,0.186031
261733ms,261733,136.457,0.185347
261800ms,261800,136.376,0.183465
262400ms,262400,137.954,0.189007
262466ms,262466,138.269,0.190209
262933ms,262933,139.206,0.192300
263000ms,263000,138.962,0.191222
263066ms,263066,137.669,0.188390
263200ms,263200,136.487,0.186079
263266ms,263266,136.448,0.185522
263866ms,263866,138.074,0.190821
263933ms,263933,137.983,0.188886
264133ms,264133,139.054,0.192044
264533ms,264533,138.099,0.190584
264666ms,264666,137.249,0.194389
264733ms,264733,136.317,0.184511
264866ms,264866,136.386,0.185717
265133ms,265133,136.829,0.192387
265266ms,265266,137.671,0.188896
265333ms,265333,138.184,0.190689
265400ms,265400,138.329,0.192355
265466ms,265466,138.549,0.190033
265533ms,265533,138.896,0.191214
265600ms,265600,139.195,0.191515
265666ms,265666,139.196,0.191514
265733ms,265733,139.197,0.191510
265800ms,265800,139.196,0.191514
265866ms,265866,139.195,0.191515
265933ms,265933,139.141,0.192477
266066ms,266066,137.499,0.195114
266266ms,266266,136.255,0.186924
266333ms,266333,136.474,0.188465
266400ms,266400,136.317,0.189533
266866ms,266866,137.827,0.189006
267000ms,267000,138.951,0.190962
267066ms,267066,139.412,0.191351
267133ms,267133,139.411,0.191350
267200ms,267200,139.411,0.191350
267266ms,267266,139.414,0.191337
267333ms,267333,139.415,0.191324
267400ms,267400,139.265,0.191111
267466ms,267466,138.387,0.189798
267533ms,267533,137.493,0.188495
267666ms,267666,136.494,0.184633
267733ms,267733,136.344,0.185520
267800ms,267800,136.236,0.184578
267866ms,267866,136.387,0.188121
268333ms,268333,138.364,0.194997
268400ms,268400,138.209,0.189045
268466ms,268466,138.959,0.191075
268600ms,268600,139.297,0.191674
268666ms,268666,139.229,0.191680
268733ms,268733,139.230,0.191637
268800ms,268800,139.228,0.191665
268866ms,268866,139.376,0.191101
269133ms,269133,136.405,0.186177
269200ms,269200,136.375,0.185171
269333ms,269333,136.377,0.186231
269733ms,269733,137.393,0.187772
269800ms,269800,138.216,0.193175
269933ms,269933,138.779,0.191012
270000ms,270000,139.369,0.191186
270066ms,270066,139.299,0.191350
270133ms,270133,139.298,0.191348
270200ms,270200,139.301,0.191346
270266ms,270266,139.302,0.191343
270333ms,270333,139.274,0.191024
270400ms,270400,138.793,0.190751
270533ms,270533,137.390,0.193489
270600ms,270600,136.428,0.186181
270666ms,270666,136.400,0.185286
271066ms,271066,137.018,0.193248
271466ms,271466,139.040,0.191528
271866ms,271866,138.929,0.190759
271933ms,271933,137.912,0.188443
272000ms,272000,137.753,0.192483
272133ms,272133,136.384,0.184509
272333ms,272333,136.067,0.188029
272733ms,272733,137.364,0.187305
273000ms,273000,139.348,0.191663
273066ms,273066,139.350,0.191662
273133ms,273133,139.275,0.191474
273200ms,273200,139.283,0.191479
273266ms,273266,139.276,0.191470
273333ms,273333,139.148,0.191489
273533ms,273533,137.021,0.186503
273600ms,273600,136.436,0.184571
273733ms,273733,136.185,0.187377
274200ms,274200,137.369,0.187380
274266ms,274266,138.340,0.194746
274333ms,274333,138.172,0.189643
274400ms,274400,138.989,0.190965
274533ms,274533,139.133,0.191680
274800ms,274800,139.006,0.190734
274866ms,274866,138.428,0.189218
274933ms,274933,137.783,0.188614
275066ms,275066,136.349,0.185532
275266ms,275266,136.523,0.187877
275733ms,275733,138.354,0.190759
275800ms,275800,138.254,0.189358
275866ms,275866,138.863,0.190165
276400ms,276400,137.709,0.200361
276466ms,276466,137.004,0.186306
276533ms,276533,136.464,0.185423
276600ms,276600,136.404,0.185098
276933ms,276933,136.384,0.191099
277000ms,277000,136.617,0.195083
277200ms,277200,137.407,0.188512
277400ms,277400,139.212,0.191495
277733ms,277733,139.283,0.193869
277800ms,277800,139.031,0.192116
277866ms,277866,138.231,0.190375
278066ms,278066,136.432,0.185007
278266ms,278266,136.421,0.188901
278400ms,278400,136.615,0.194549
278666ms,278666,137.591,0.187478
278933ms,278933,139.178,0.193048
279000ms,279000,139.181,0.192218
279066ms,279066,139.177,0.192196
279133ms,279133,139.212,0.192454
279200ms,279200,139.195,0.192170
279266ms,279266,139.130,0.191156
279400ms,279400,136.889,0.187422
279466ms,279466,137.266,0.195182
279533ms,279533,136.466,0.184166
279600ms,279600,136.508,0.185784
279666ms,279666,136.382,0.187780
279866ms,279866,136.462,0.193733
280133ms,280133,137.723,0.187746
280200ms,280200,138.009,0.190087
280266ms,280266,138.488,0.189951
280800ms,280800,138.143,0.190735
281400ms,281400,136.502,0.194739
281600ms,281600,137.558,0.187251
281666ms,281666,137.961,0.188555
281800ms,281800,138.910,0.190910
282266ms,282266,138.541,0.189299
282466ms,282466,136.599,0.185691
282533ms,282533,136.372,0.184389
282600ms,282600,136.212,0.186707
283000ms,283000,137.099,0.187233
283066ms,283066,137.299,0.188235
283133ms,283133,137.726,0.189705
283200ms,283200,138.505,0.190209
283266ms,283266,139.101,0.191026
283333ms,283333,139.277,0.191269
283400ms,283400,139.188,0.191749
283466ms,283466,139.187,0.191752
283533ms,283533,139.185,0.191758
283600ms,283600,139.207,0.191866
283666ms,283666,139.207,0.191887
283800ms,283800,137.519,0.188217
283866ms,283866,136.589,0.185845
283933ms,283933,136.330,0.185643
284000ms,284000,136.350,0.184927
284066ms,284066,136.579,0.186483
284600ms,284600,138.024,0.192028
284733ms,284733,138.950,0.189901
285200ms,285200,139.003,0.190131
285466ms,285466,136.507,0.185143
285600ms,285600,136.310,0.185996
286066ms,286066,137.555,0.187713
286133ms,286133,137.964,0.189674
286266ms,286266,138.955,0.190272
286333ms,286333,139.074,0.191789
286400ms,286400,139.080,0.191771
286466ms,286466,139.081,0.191771
286533ms,286533,139.081,0.191769
286800ms,286800,137.506,0.191226
286933ms,286933,136.569,0.184956
287000ms,287000,136.525,0.186847
287533ms,287533,137.389,0.187289
287600ms,287600,137.996,0.188915
287733ms,287733,138.959,0.190437
288066ms,288066,139.068,0.191367
288133ms,288133,139.067,0.191514
288266ms,288266,137.644,0.188402
288333ms,288333,137.357,0.187945
288400ms,288400,136.591,0.185785
289066ms,289066,137.654,0.187633
289133ms,289133,138.194,0.189485
289200ms,289200,138.892,0.190934
289733ms,289733,138.127,0.190542
289866ms,289866,137.084,0.192230
289933ms,289933,136.411,0.184401
290000ms,290000,136.432,0.184659
290066ms,290066,136.426,0.188893
290333ms,290333,136.947,0.194923
290400ms,290400,136.892,0.185369
290533ms,290533,137.555,0.187602
290666ms,290666,138.632,0.190926
290733ms,290733,139.085,0.190022
291133ms,291133,138.953,0.191019
291200ms,291200,137.640,0.190307
291266ms,291266,137.624,0.193496
291400ms,291400,136.460,0.185019
291733ms,291733,136.235,0.189726
292066ms,292066,137.911,0.188921
292133ms,292133,138.564,0.189997
292200ms,292200,138.920,0.190462
292666ms,292666,138.261,0.190147
292733ms,292733,137.934,0.197422
292866ms,292866,136.444,0.183942
293200ms,293200,136.610,0.191695
293400ms,293400,136.997,0.186769
293466ms,293466,137.502,0.187664
293533ms,293533,137.794,0.188610
293600ms,293600,138.640,0.189968
293666ms,293666,139.088,0.191558
294266ms,294266,136.859,0.185628
294333ms,294333,137.109,0.195482
294400ms,294400,136.477,0.184913
295000ms,295000,137.580,0.188181
295066ms,295066,138.433,0.190361
295133ms,295133,139.068,0.190483
295533ms,295533,139.306,0.191707
295733ms,295733,136.772,0.186530
295866ms,295866,136.305,0.184740
296400ms,296400,137.419,0.187480
296466ms,296466,138.273,0.196906
296533ms,296533,138.250,0.189755
297133ms,297133,137.743,0.190228
297266ms,297266,136.278,0.185121
297333ms,297333,136.433,0.185089
298000ms,298000,138.261,0.190986
298066ms,298066,138.723,0.190720
298600ms,298600,137.890,0.189362
298666ms,298666,137.353,0.190445
298733ms,298733,136.556,0.186684
298800ms,298800,136.330,0.184994
299200ms,299200,136.512,0.190766
299400ms,299400,137.615,0.187092
299466ms,299466,137.927,0.190656
299600ms,299600,139.030,0.190699
300000ms,300000,139.019,0.191293
300066ms,300066,138.050,0.190540
300200ms,300200,137.054,0.198800
300333ms,300333,136.299,0.184284
300400ms,300400,136.172,0.185894
300600ms,300600,136.679,0.190040
300866ms,300866,137.557,0.188015
300933ms,300933,137.921,0.188983
301800ms,301800,136.447,0.186494
302133ms,302133,136.514,0.193325
302266ms,302266,137.482,0.187115
302333ms,302333,137.046,0.186918
302400ms,302400,137.816,0.187941
302466ms,302466,138.693,0.190968
302533ms,302533,138.784,0.191014
303000ms,303000,138.935,0.191784
303066ms,303066,137.861,0.188473
303133ms,303133,137.014,0.186821
303200ms,303200,136.972,0.194114
303266ms,303266,136.387,0.186222
303400ms,303400,136.189,0.186544
303866ms,303866,138.177,0.189708
304000ms,304000,138.849,0.190204
304533ms,304533,138.082,0.190652
304666ms,304666,137.173,0.197286
304733ms,304733,136.347,0.185010
305333ms,305333,137.620,0.187719
305400ms,305400,137.872,0.188391
